dataset,split,model,cell,condition,S,T,n,accuracy,ece,adaptive_ece,ece_ts_pooled,ece_ts_dataset,off_label_mass,eos_pad_median,nfe,accuracy_lo,accuracy_hi,ece_lo,ece_hi,brier,nll,aurc,ms_per_item,temperature_pooled,temperature_dataset
boolq,test,llada-8b-instruct,C0,C0,0,,1000,0.884,0.03705770814418796,0.03818741917610168,0.02793454272546369,0.08056742319170604,0.018865989744663237,,1.0,0.865,0.904,0.030066845209896557,0.05993690799921754,0.17320327197016683,0.30244822895367246,0.03392405541478531,113.74595067700012,1.7829784218092415,2.4909851909147136
boolq,test,llada-8b-instruct,C1 S=32 T=1,C1,32,1,1000,0.866,0.05612647366523739,0.05666860949993132,0.049405395802192706,0.07180504537237664,0.034527047216892245,0.0,2.0,0.846,0.887,0.04542990536391738,0.07888541449904438,0.20676414154382736,0.37856674897942044,0.05409404928810509,271.623287156,2.223691654536378,2.50631599426937
boolq,test,llada-8b-instruct,C1 S=32 T=4,C1,32,4,1000,0.875,0.09143391758203509,0.08945502561330797,0.0531051380358465,0.06022699432167348,0.01693257439136505,0.0,5.0,0.856,0.894,0.07631525796800859,0.11268882582038639,0.2196108485422502,0.5208604642004169,0.06162116215639388,688.975717297004,3.233106750726233,3.4166631535709784
boolq,test,llada-8b-instruct,C1 S=32 T=16,C1,32,16,1000,0.866,0.11418622088432313,0.113807000041008,0.06778857502080297,0.05512446839146773,0.010193742215633392,0.0,17.0,0.843,0.886,0.09627666039019818,0.13640493520200248,0.2406746401768093,0.6196001068228015,0.06339127634103477,2342.8077271859966,4.082045895272796,3.780675331986418
boolq,test,llada-8b-instruct,C1 S=128 T=1,C1,128,1,1000,0.859,0.056223250508308384,0.05480469930171965,0.10210087984577647,0.09584735279023389,0.04392642170190811,0.0,2.0,0.8359749999999999,0.88,0.044488601452112204,0.08090886863172052,0.21233710278052276,0.3819245276440713,0.05242906983124474,355.99407238699496,3.031383655664117,2.921815743687244
boolq,test,llada-8b-instruct,C1 S=128 T=4,C1,128,4,1000,0.857,0.09061318391561513,0.08923628348112107,0.0821588680802415,0.0756575308279963,0.0326569954752922,0.0,5.0,0.835,0.8780249999999999,0.07403881869316105,0.1136534334227443,0.2343416151170698,0.4826446889168421,0.0658999952970111,892.1044599740171,3.4166631535709784,3.233106750726233
boolq,test,llada-8b-instruct,C1 S=128 T=16,C1,128,16,1000,0.848,0.13821198970079424,0.13727453714609145,0.08761416469004091,0.07518348414327042,0.015394228994846344,0.0,17.0,0.826,0.8690249999999999,0.11801685279607772,0.15981916358768938,0.2785666653946285,0.6949392508070048,0.070475738507425,3039.029045070997,4.407439737058423,4.082045895272796
boolq,test,llada-8b-instruct,C2 S=32 T=1,C2,32,1,1000,0.881,0.04736974447965622,0.038609433710575125,0.07298634010463935,0.09057638739000778,0.03132311236858368,0.0625,2.0,0.86,0.9,0.03615064725279809,0.06947461689859634,0.18458600779796175,0.3290504609285082,0.0452848167363055,264.9917711260095,2.1697807220963887,2.400949722911887
boolq,test,llada-8b-instruct,C2 S=32 T=4,C2,32,4,1000,0.871,0.08084243524074552,0.08084243524074554,0.07748410939394353,0.06101619288656863,0.024928112149238586,0.0625,5.0,0.852,0.89,0.06659676353037361,0.10196365213394158,0.21229384399779852,0.42238181095824623,0.0543819112504165,666.0408985429958,2.994411932581313,2.706103015539392
boolq,test,llada-8b-instruct,C2 S=32 T=16,C2,32,16,1000,0.887,0.09869285637140265,0.09869285637140272,0.07460490400486389,0.08668102677684494,0.010609180867671967,0.0625,17.0,0.867,0.906,0.08138631037026642,0.11894572098851212,0.2121698577211773,0.48604928624244453,0.057126563449245604,2263.9814895820127,3.2530049516472093,3.448253487169211
boolq,test,llada-8b-instruct,C2 S=128 T=1,C2,128,1,1000,0.884,0.06261105114221573,0.05533067518472671,0.09909506047910151,0.08145635320676,0.02882805597782135,0.1484375,2.0,0.865,0.902,0.049000853779912014,0.08401174614727497,0.19983795801428494,0.3633031916637385,0.05538801377439796,362.2360892679972,2.5217411512686625,2.2929678529328275
boolq,test,llada-8b-instruct,C2 S=128 T=4,C2,128,4,1000,0.881,0.07618812000751496,0.07435901367664337,0.08837524290454575,0.06650712564514515,0.025328565657138823,0.03125,5.0,0.862,0.9,0.06104932397156956,0.09791249087601903,0.21296546292315308,0.42787660632168273,0.06781225598414628,908.3242677509752,2.756375399135199,2.460604340074608
boolq,test,llada-8b-instruct,C2 S=128 T=16,C2,128,16,1000,0.878,0.12071682518720621,0.11645417016744616,0.10872316220647879,0.13188355708418226,0.02182824659347534,0.015625,17.0,0.858,0.897,0.10296064963489773,0.14211145602166653,0.23714960554521974,0.5565900010626434,0.08841278655344274,3044.2803082269656,3.5123131039122186,3.958717248975976
boolq,test,qwen3-8b,C0,C0,0,,1000,0.891,0.10229398947954174,0.10083117884397508,0.037930214668822876,0.07858702174604384,0.000697436511516571,,1.0,0.873,0.911,0.0850800798073411,0.12171712957769636,0.20741079978895058,1.199539779075506,0.04597559560535168,115.37054418600201,5.616182885694961,11.19999266996993
strategyqa,test,llada-8b-instruct,C0,C0,0,,1000,0.612,0.1386414787173271,0.13864147871732713,0.0607064153868135,0.03520846214928718,0.02185437875986099,,1.0,0.581,0.642,0.11375195793509486,0.1697046824887395,0.48923140448114955,0.7306150315193898,0.283218495983123,81.83353199497833,1.7829784218092415,2.1965708010213683
strategyqa,test,llada-8b-instruct,C1 S=32 T=1,C1,32,1,1000,0.627,0.14291452646255492,0.1495228612422943,0.056280272637429615,0.055869283882841056,0.04478876036405564,0.0,2.0,0.5979749999999999,0.655,0.11888680245131256,0.17374425583928826,0.516003231202375,0.8068623274094879,0.3220805258871142,188.1399152220074,2.223691654536378,2.2373773960660452
strategyqa,test,llada-8b-instruct,C1 S=32 T=4,C1,32,4,1000,0.619,0.2837155268192292,0.2811646189689636,0.15276756588214888,0.04285754352956174,0.025520813405513765,0.0,5.0,0.59,0.65,0.26074908028543,0.3179725914686919,0.6580417952994828,1.4790236376634034,0.3446762427801475,466.3239921619879,3.233106750726233,7.222592632401379
strategyqa,test,llada-8b-instruct,C1 S=32 T=16,C1,32,16,1000,0.647,0.30424810761213306,0.30087472659349446,0.12464972826838727,0.023762071804350693,0.01056084805727005,0.0,17.0,0.618,0.677,0.27989786785244936,0.33565116340070955,0.6498149267117185,1.7161769106839688,0.3027470283216361,1599.739913992942,4.082045895272796,7.798330197486398
strategyqa,test,llada-8b-instruct,C1 S=128 T=1,C1,128,1,1000,0.598,0.1731980844140053,0.1731980844140053,0.03143520624403009,0.05388412887995615,0.05929430413246155,0.0,2.0,0.5669749999999999,0.6270249999999999,0.14380330030769112,0.2032442431822419,0.5312091545978544,0.830626876143564,0.3130166720433467,259.12026149600933,3.031383655664117,7.222592632401379
strategyqa,test,llada-8b-instruct,C1 S=128 T=4,C1,128,4,1000,0.587,0.2635455054044724,0.26354550540447236,0.08643531382041503,0.033852672764533485,0.04396511620283127,0.0,5.0,0.558,0.617,0.23703813635259866,0.29444194782525307,0.6394539275297366,1.1763431630984604,0.36265303173080377,644.7222158060504,3.4166631535709784,12.393242793492245
strategyqa,test,llada-8b-instruct,C1 S=128 T=16,C1,128,16,1000,0.639,0.32303677660226815,0.31814375263452527,0.1031451709178947,0.03129014175237883,0.021828516840934755,0.0,17.0,0.611,0.668,0.29488007624894386,0.35317876234203577,0.65900643679826,1.6109860580423583,0.28633789308331226,2146.667595588995,4.407439737058423,8.629166319046425
strategyqa,test,llada-8b-instruct,C2 S=32 T=1,C2,32,1,1000,0.597,0.1958222554922104,0.19582225549221038,0.08452751923674537,0.09239608131918474,0.0448120037317276,0.0625,2.0,0.5679749999999999,0.628,0.16856475898176435,0.22872915391772985,0.5577672342150791,0.8729518252265789,0.3302424435293867,179.48670363202473,2.1697807220963887,2.04692243746924
strategyqa,test,llada-8b-instruct,C2 S=32 T=4,C2,32,4,1000,0.64,0.26155328929424293,0.2588857326507569,0.09975020736633221,0.03556952444299622,0.036246873557567595,0.0625,5.0,0.611,0.669,0.23788542074263097,0.29253910008519896,0.6114346385367574,1.189104925364909,0.3219080523653103,444.2954603619327,2.994411932581313,5.075443788289527
strategyqa,test,llada-8b-instruct,C2 S=32 T=16,C2,32,16,1000,0.629,0.3392307654619217,0.3372622507810593,0.14921809847338893,0.04452302885042649,0.009461782813072205,0.0625,17.0,0.5979749999999999,0.658025,0.31111871470361946,0.37174948958903553,0.6926991739804652,1.5163530072055647,0.33666638141540806,1498.5496394189759,3.2530049516472093,5.72051701442272
strategyqa,test,llada-8b-instruct,C2 S=128 T=1,C2,128,1,1000,0.637,0.21356799119710923,0.2128515360951424,0.09301983867310609,0.061028813616544095,0.028237221777439116,0.25,2.0,0.607,0.666,0.1910174386784435,0.24610123994499442,0.5668856403859686,0.9145691276859977,0.2922318808491497,255.8710272219614,2.5217411512686625,3.555679304148404
strategyqa,test,llada-8b-instruct,C2 S=128 T=4,C2,128,4,1000,0.631,0.2396882402300835,0.2396882402300835,0.08077800802463103,0.017102422623734372,0.027188925445079802,0.4453125,5.0,0.6019749999999999,0.661,0.2108138991743327,0.2712305659487843,0.5780951370692039,1.0092415649713102,0.28856938036266855,625.3092361590462,2.756375399135199,4.572718458071806
strategyqa,test,llada-8b-instruct,C2 S=128 T=16,C2,128,16,1000,0.637,0.333705647468567,0.32330759286880495,0.13720240823401436,0.038068495162975564,0.014788373410701751,0.015625,17.0,0.6089749999999999,0.667025,0.30539828957021237,0.36392855113148687,0.6831448020969595,1.497084344334448,0.3094806964120146,2109.806789202012,3.5123131039122186,6.648442865629575
strategyqa,test,qwen3-8b,C0,C0,0,,1000,0.674,0.2882437247633933,0.28723337358236317,0.1261702979574581,0.10647937026517079,0.0006901352405548096,,1.0,0.644,0.7020249999999999,0.26263545213788747,0.3187516453698278,0.5994666209083948,2.3573391060084905,0.2127039705621649,83.8387437779884,5.616182885694961,6.567356333378662
arc_c,test,llada-8b-instruct,C0,C0,0,,1000,0.852,0.048416666299104696,0.0413464619219303,0.055487920257467065,0.02497322926204749,0.001777990996837616,,1.0,0.8289749999999999,0.874,0.03836094287410375,0.07283943273052579,0.21236653128586033,0.4304805994641678,0.03522909416983162,93.25576027600141,1.7829784218092415,1.4340026314347585
arc_c,test,llada-8b-instruct,C1 S=32 T=1,C1,32,1,1000,0.838,0.08675388482213023,0.07927523377537728,0.04748537816889518,0.04608820665205551,0.0031901766061782836,0.0,2.0,0.816,0.8590249999999999,0.07253229734078051,0.11227169686704876,0.2603667927668272,0.6477924342236857,0.06002926229004929,221.6605237450003,2.223691654536378,2.2100896268770422
arc_c,test,llada-8b-instruct,C1 S=32 T=4,C1,32,4,1000,0.831,0.13160147628188137,0.1283211635053158,0.04656777112820912,0.044022905107758976,0.0014687715768814088,0.0,5.0,0.808,0.8520249999999999,0.11600442427396775,0.15761742136180396,0.3039183986200061,1.0710900564671957,0.07753341422174435,554.9296691530014,3.233106750726233,2.807581713382534
arc_c,test,llada-8b-instruct,C1 S=32 T=16,C1,32,16,1000,0.837,0.1454246661961078,0.14229188796877862,0.060668853553232996,0.04894569961316785,0.0027297403216362,0.0,17.0,0.814,0.859,0.12651211541891103,0.16915088779628287,0.3089182145025296,1.351494649939622,0.07787358568891437,1886.5691175259992,4.082045895272796,3.7117211682682036
arc_c,test,llada-8b-instruct,C1 S=128 T=1,C1,128,1,1000,0.839,0.08786202111840252,0.08533002945780754,0.1262548922770539,0.04198669985835322,0.0032816008925437927,0.0,2.0,0.817,0.863,0.07469013978168365,0.11412153908237813,0.2632435708557702,0.6869765021567545,0.06785410751023675,317.51937110499193,3.031383655664117,2.2650020847800563
arc_c,test,llada-8b-instruct,C1 S=128 T=4,C1,128,4,1000,0.826,0.1238756211996079,0.12198830330371856,0.11029648875930936,0.026310036510100915,0.0027594462037086485,0.0,5.0,0.803,0.85,0.1065300758250058,0.14878466308787466,0.29724715956083214,0.8932543259769599,0.07967194906593242,788.3871951410065,3.4166631535709784,2.4757481640559327
arc_c,test,llada-8b-instruct,C1 S=128 T=16,C1,128,16,1000,0.834,0.15351545882225034,0.15351545882225037,0.11231695119542398,0.03531298360429541,0.0023256881833076475,0.0,17.0,0.811,0.856,0.13431482439637177,0.17797092367336154,0.31660308511295066,1.2751574540367319,0.07914163340373037,2683.126404660001,4.407439737058423,3.4376910549521438
arc_c,test,llada-8b-instruct,C2 S=32 T=1,C2,32,1,1000,0.831,0.09936590051650998,0.0916776378750801,0.049887422230194316,0.03554073664534636,0.007417735040187836,0.0625,2.0,0.808,0.853,0.08376776300296185,0.12480869466289882,0.27459908498001645,0.6748262367998016,0.06584920665736615,219.51801630298903,2.1697807220963887,1.8161015419009483
arc_c,test,llada-8b-instruct,C2 S=32 T=4,C2,32,4,1000,0.82,0.15424749466776844,0.14781927517056473,0.0641068609124525,0.02843423341042372,0.005575686037540436,0.0625,5.0,0.795,0.842,0.13760748493224387,0.1795406863383949,0.33756384901006803,1.0551741885378216,0.09836761767856568,546.9820524229881,2.994411932581313,2.640496555871848
arc_c,test,llada-8b-instruct,C2 S=32 T=16,C2,32,16,1000,0.832,0.16283761793375012,0.15917529457807542,0.08643983201251525,0.025037595091221353,0.000631637454032898,0.0625,17.0,0.809,0.854,0.1417963706985116,0.18589261111766106,0.32920600368050007,1.1139864545887601,0.1100916939262856,1843.0231749550092,3.2530049516472093,2.7227577645680054
arc_c,test,llada-8b-instruct,C2 S=128 T=1,C2,128,1,1000,0.846,0.1270086284875869,0.12042036885023118,0.04671068670153486,0.04177543397441076,0.0022376075983047486,0.1015625,2.0,0.825,0.868,0.11091591840088372,0.1501240707419812,0.2824593601945131,0.7936120217349892,0.06852565902614245,311.1087994440004,2.5217411512686625,1.9608692081528871
arc_c,test,llada-8b-instruct,C2 S=128 T=4,C2,128,4,1000,0.843,0.1335766729712486,0.13003317958116534,0.06423524179861206,0.04170337701488767,0.0025536632537841797,0.0234375,5.0,0.821,0.864,0.11573820389658208,0.15691704073920854,0.2883498935065224,0.8523523907142319,0.07721065168067143,764.4528577570309,2.756375399135199,2.0344016837243704
arc_c,test,llada-8b-instruct,C2 S=128 T=16,C2,128,16,1000,0.836,0.15374375209212296,0.15374375209212304,0.13297964332590895,0.02912693140845435,0.0021757994294166567,0.015625,17.0,0.814,0.8560249999999999,0.13411106764227157,0.17584904364123938,0.3160875821954,1.0167888323834602,0.10602464636427342,2587.242342056992,3.5123131039122186,2.415726401713764
arc_c,test,qwen3-8b,C0,C0,0,,1000,0.905,0.07766406819224356,0.07287761953473094,0.2033552707538096,0.028824723270920557,0.12109914344549179,,1.0,0.886,0.923,0.062223163105547416,0.09725862922593952,0.17045430715412768,0.5701565333672588,0.02140328497582695,90.0871722730135,5.616182885694961,2.6082922166809372
jagged,test,llada-8b-instruct,C0,C0,0,,600,0.675,0.119998599588871,0.1183763097723325,0.06149308594816484,0.061392441767222965,0.011902007063229879,,1.0,0.6383333333333333,0.7100416666666666,0.09307663159320752,0.15940498174726966,0.411752411535449,0.6991588264889058,0.16399548750241694,84.31666822668073,1.7829784218092415,1.6212259539900464
jagged,test,llada-8b-instruct,C1 S=32 T=1,C1,32,1,600,0.715,0.11848802263538044,0.11998985593517619,0.13440992023439893,0.11339220639969337,0.01881045599778493,0.0,2.0,0.68,0.7483749999999999,0.10025792157525816,0.16083265806982913,0.42814003540002554,0.8852009542037348,0.24379768087718623,206.62865597166578,2.223691654536378,1.9488748306270176
jagged,test,llada-8b-instruct,C1 S=32 T=4,C1,32,4,600,0.7033333333333334,0.17681837121645613,0.17642649481693906,0.07972268398926255,0.08323578172835959,0.01406912922859192,0.0,5.0,0.6666249999999999,0.7383333333333333,0.15453994243467853,0.22079064285755154,0.47127691107058584,1.1990725989575322,0.21535146267605465,487.688054043348,3.233106750726233,2.640496555871848
jagged,test,llada-8b-instruct,C1 S=32 T=16,C1,32,16,600,0.6916666666666667,0.2463546883563201,0.24279091323415436,0.08492684050742143,0.06743244577550164,0.01230334500471751,0.0,17.0,0.655,0.7283333333333334,0.2151473318176965,0.285013842832297,0.5236689728029276,1.7384132791323201,0.18545075483094736,1699.391047243332,4.082045895272796,3.666451831628026
jagged,test,llada-8b-instruct,C1 S=128 T=1,C1,128,1,600,0.5916666666666667,0.34176327139139184,0.3410291456182798,0.15472911783446536,0.06608773970367908,0.024132579366366067,0.0,2.0,0.5533333333333333,0.6283333333333333,0.3071374190772574,0.3816419608083864,0.7000920061831856,1.9309123968641742,0.2849110902516481,262.90422711332326,3.031383655664117,4.380480011285282
jagged,test,llada-8b-instruct,C1 S=128 T=4,C1,128,4,600,0.5933333333333334,0.36206240579485893,0.35878206307689336,0.1389672033719958,0.053214092608863894,0.01898495395978292,0.0,5.0,0.555,0.6316666666666667,0.3260358506677052,0.40204143690069516,0.7416331067512368,2.150947333200113,0.33285020436982465,651.1050567033403,3.4166631535709784,4.700732334119816
jagged,test,llada-8b-instruct,C1 S=128 T=16,C1,128,16,600,0.5616666666666666,0.4154054299493631,0.41540542994936314,0.143724088977852,0.0588418198644521,0.010339413483937581,0.0,17.0,0.5199583333333333,0.6016666666666667,0.37949187382062277,0.45806063736478475,0.8290786312298257,2.795564229100395,0.3310247238413391,2215.5606476066673,4.407439737058423,5.862650458206102
jagged,test,llada-8b-instruct,C2 S=32 T=1,C2,32,1,600,0.6683333333333333,0.2185775329669317,0.2154148903489113,0.0960175934368678,0.08999087450804293,0.01347558210293452,0.0625,2.0,0.6299583333333333,0.7050416666666666,0.19107910998165606,0.26486697536210224,0.5500368870928322,1.298972987020546,0.24785916063721714,199.66417482000224,2.1697807220963887,2.756375399135199
jagged,test,llada-8b-instruct,C2 S=32 T=4,C2,32,4,600,0.69,0.2677329836289088,0.2673359872897466,0.06438849375474058,0.039409099969082435,0.008357810278733571,0.0625,5.0,0.6516666666666666,0.7266666666666667,0.23605230508744715,0.30797136891633276,0.5600283678724522,1.5672220058969937,0.24885735382414367,493.31283402666867,2.994411932581313,3.2530049516472093
jagged,test,llada-8b-instruct,C2 S=32 T=16,C2,32,16,600,0.6533333333333333,0.3298622699578602,0.3298622699578603,0.10031711881929972,0.10261454864376861,0.0040407006939252215,0.0625,17.0,0.6133333333333333,0.6916666666666667,0.29204471205423277,0.36992512935400007,0.6594237674309791,1.9103161756478546,0.275794739526353,1691.9237639233233,3.2530049516472093,3.233106750726233
jagged,test,llada-8b-instruct,C2 S=128 T=1,C2,128,1,600,0.605,0.32721414064367615,0.32390545204281807,0.17007040646378008,0.11630535938109207,0.006746900081634521,0.0625,2.0,0.5666666666666667,0.6416666666666667,0.29436566749463483,0.37281146699562673,0.710999572259599,1.7361720447013473,0.2997287514168375,260.91460052330297,2.5217411512686625,3.757549441159
jagged,test,llada-8b-instruct,C2 S=128 T=4,C2,128,4,600,0.6,0.3365904311339061,0.3301147856314977,0.18564293769463383,0.1341988847006734,0.006985536615053813,0.015625,5.0,0.56,0.6383333333333333,0.30541430611039205,0.38056536902487287,0.7292968943014866,1.984527403181525,0.3163873312542802,641.3803891883254,2.756375399135199,4.300586259683018
jagged,test,llada-8b-instruct,C2 S=128 T=16,C2,128,16,600,0.605,0.36723620717724165,0.3653450432916482,0.12899039964014927,0.05255331899932373,0.004351618389288585,0.015625,17.0,0.5666666666666667,0.6416666666666667,0.3307303465629618,0.40678384731461603,0.742143232720112,2.17547911083734,0.23721018652763612,2180.642077831677,3.5123131039122186,4.937225488284065
jagged,test,qwen3-8b,C0,C0,0,,600,0.7033333333333334,0.25490406533082327,0.24921483308076858,0.08063183526085373,0.0901249015896129,0.021673733592033385,,1.0,0.6682916666666666,0.7383333333333333,0.22530307697008062,0.29284651923303806,0.5329040308152136,1.8749074902812382,0.15468693949363693,86.10411398999076,5.616182885694961,6.368940346120314
